borrower_id,role_profile
a20d3e1c-d1fb-45a8-b89d-0373f7a29d9d,co-borrower
0c53b401-def5-4c5e-9981-fc7ec92ac230,co-borrower
6a91cf5a-6166-4e01-bdda-00953de327a3,co-borrower
560cea0d-a266-4c40-b7d1-1688db8d86b8,co-borrower
1cd44b01-06ce-44dc-ad12-27bf24bc3b2e,co-borrower
ef56846c-d942-45ea-8a2d-5852fb2b51ec,borrower
746c01a7-a1cb-4fa4-856d-1d1bf48e13b8,co-borrower
c298d352-6d0d-4d64-aa3d-5c77202b509e,borrower
db374708-8a1e-436f-a04f-0e10adeede41,borrower
7ba0730f-c29c-45c8-a56a-cda9c159bbdf,co-borrower
dfa98e40-6733-46fc-b694-ad4747cbecb7,borrower
c86c89f9-afe0-4b63-a3e7-58dfee1e4801,co-borrower
50a4b37a-53a9-4a3a-a128-af3be3bdb3ac,co-borrower
0f50d10e-e609-49f5-9f41-4999792192da,co-borrower
9ee56d96-5557-489a-97f5-4feb7fe0fc1b,co-borrower
d68a8c5a-bded-4506-a8a5-0eeeec95482a,borrower
d068c6cb-59e6-4813-9a2a-2a74e8bb561d,co-borrower
fab38428-17bc-455f-9ed8-e347835bbb59,co-borrower
afc367cc-a05d-4116-9569-e25155aa8bcb,borrower
4592c755-2581-4167-84b5-ae5a7dd4d247,borrower
5f4c2c8f-11aa-4a0a-a16d-adff0b4c013e,borrower
f3e0fc52-601e-44cf-8d2e-0be2ed338f2d,co-borrower
3218fce2-3b15-487f-9d85-92067570d8f9,co-borrower
424b2986-4bae-482c-aa6d-b6e1f2b9af17,co-borrower
aa5b3727-d91f-4f64-872c-f6fdd089f3fa,borrower
c3e2c05c-c4c2-46b3-8edc-68c2c90da9fa,co-borrower
0653919d-5dd7-4ddb-8c1d-3cd14cc1defb,co-borrower
adadebec-b028-4300-bf67-28995c5854a2,co-borrower
63309f07-adf5-4842-823e-238c435462d8,co-borrower
d52cbe4a-9a6c-4fad-ac50-14ad0517f594,borrower
cea8d75b-a1b7-4731-8339-90b410f6fde5,co-borrower
81bc971e-8d17-4b5b-9b34-5153cdcfaef7,borrower
68e80c8f-8c24-47a6-adac-9488af20bf0f,co-borrower
80576073-e7ba-4eca-83d7-be621d14b909,co-borrower
ac51c693-6589-4d66-a3f0-a339789cf061,borrower
66084dcc-244f-4229-a0a8-196235c4eb5d,co-borrower
dbb4a9b7-5503-4012-9489-67d9399cd8f2,co-borrower
9a5008a6-64ed-477c-ba1b-c1a759500fca,co-borrower
357b23ff-e824-40ef-ac31-8574e1f8f5ef,co-borrower
351a01bd-7c90-4a38-90b5-66f0100c39a9,borrower
ecebdfa3-8bf8-4615-866e-5eae75860617,borrower
b04862bc-c023-4052-9ebd-d50778f8f2fb,borrower
fa300634-a984-4b64-958c-0b3b35434952,borrower
bb83c90f-bb7e-4b82-838c-0ee9364b14fb,co-borrower
94c459aa-b9bd-477a-a057-98a536fcc706,borrower
d7f336df-bc7a-4d85-a3e8-40aff910db45,borrower
39d3e605-95ff-40bf-96c5-f04dea7fd195,borrower
49be8cc9-c7cf-4228-b446-857f44bfd817,co-borrower
94623b95-b39e-488d-b12d-586d5240f3c5,co-borrower
190e9f4f-1b13-4e7a-9aa5-c0980f2c8f3e,co-borrower
546787ed-249c-4a00-a510-803b030920b6,borrower
0d9280b5-d570-4fe9-873a-eb90be9d5584,borrower
bc874215-a5db-41f1-a585-f3c597a5d11e,co-borrower
c1fd732c-597d-4dc5-a3ff-d472ab7b44b5,co-borrower
7ac52267-9116-4d10-972b-3e8241021a34,borrower
c963c179-7efd-4074-85a6-ac945ab4010b,borrower
c2a9a9f5-7e61-4126-82d9-99ce3c1e95c6,borrower
b342bc15-cbf0-434c-ab95-63c2d0cad740,co-borrower
5e56db39-285d-4b09-aeaf-95d9aa12fe22,borrower
9a6396c5-541e-4630-b61d-86b6ec71d639,borrower
e2be605a-27ab-4fcb-b676-84ebfd6e5abe,borrower
581a2e61-060a-430f-b52c-548c91b0deca,co-borrower
635891ef-7b2f-48d0-b49b-0d81d88f6408,co-borrower
280daf7d-6626-453a-9ccf-9341694acab9,co-borrower
97afc5af-e254-4f8d-b723-fa0b1a966eb9,borrower
3d57b134-9569-4cd0-b93d-e8e698f54ace,borrower
11b82068-3b40-4ac0-a459-d283f8497d1b,borrower
ebb4c867-8e99-48ec-9ff9-4999b42db4cb,borrower
b4c59f86-8ce4-4b8c-800d-a2da45aa433b,borrower
d29e37f0-2314-483c-8775-6bfd88650d91,co-borrower
ae8132d4-7bb0-4239-b3ef-95a4d901ee84,co-borrower
53f11166-1637-40cf-9088-1d4c02ec29e8,co-borrower
0e5d70d6-5d61-4515-820e-d479fa461fd9,borrower
8eba9861-6cf9-4fcb-8fc8-bd21034e2ab2,borrower
8939bd0d-e1b8-49c4-b6c6-2810be867fd0,borrower
dce489a8-28e6-4ad7-ae90-2921b4794643,borrower
9e9318c4-112d-42d4-8138-d886ea80a2fc,borrower
4c43e669-0245-4fdd-b5a9-64947c0ebdc4,borrower
7b9c3602-ebf3-46c8-808b-f9e1a4fb66af,co-borrower
67877a9f-1655-435c-8b02-e9aec8fca737,co-borrower
a142fe3e-d327-47c8-b852-9bbd09a39b6c,co-borrower
32a3f515-aca3-4047-9cb5-cd311fe77660,co-borrower
3a845792-4007-4ed6-a21f-c43582c3ab60,borrower
bf0ad533-9602-454b-8598-35afaf450836,borrower
043c3f7b-5f4f-438b-9724-3fba36bc4804,co-borrower
ccc8419e-d277-41b3-9849-27ed5914b7aa,co-borrower
06840462-a2a6-48fe-ae41-949998648502,co-borrower
497357ba-c2c7-4164-9399-08abc1b77029,borrower
0ca259dc-f5a0-4ebe-b33a-efd730c2e84f,borrower
78f0375c-2391-4108-a84f-c2848875d09d,borrower
e2330ae5-a1c4-4776-b060-5b0e8fcd7ca5,borrower
54c6422b-1134-4a82-99a4-401cd8d94bd6,co-borrower
2f70d37f-9a77-48a4-8dc8-7ed8a35d014c,borrower
b4a9a430-a1d8-4cc9-9749-f1bf70f80501,co-borrower
79ab458c-88a3-4bca-9cbc-56fb38dc4d42,co-borrower
279efb98-d44d-4c42-bd0a-eac206093c2c,co-borrower
0847fd49-7193-4d4c-9989-71d0f6f87572,borrower
d27625d7-82a0-45e1-a233-35659e2c38b3,borrower
d4ec9f96-f8f2-4f0a-abf0-0834f6f459bb,borrower
cfe127d5-c8bd-4b41-b4d5-648c25b2d07c,co-borrower
00347dda-8ba3-427b-9201-a4c722316502,borrower
3f91c0f2-304b-4955-a839-3d237f6a51ae,borrower
0dfc5f45-dc03-4404-b14b-672b537e364b,borrower
457030c8-6712-484b-bee8-2657e979d691,borrower
bd2c6f1d-e408-4059-82c2-fad8779d6c43,co-borrower
0d8ce26a-e908-41b2-a1de-6411124565af,co-borrower
6451880d-4fa2-40f8-94ce-f173ee7ed9d9,borrower
dd326aac-57bc-4585-aa0c-4940b47ac213,co-borrower
37871ee7-0fd5-4ad3-8260-d54c9f3c1aae,borrower
06c9fc60-245b-4bdb-b87b-d85a3dab00c5,co-borrower
8edce1c0-4536-4858-8c17-94464d202dca,co-borrower
f8ff65e7-0e2f-4f6f-92d4-c97b2c56604a,borrower
4d755788-551b-4f5d-adb9-3c8b98307fd3,borrower
c6d435d6-5d57-4eea-9692-a557148d9972,co-borrower
ee64729e-5429-49c5-a953-fcc1384dee29,co-borrower
37807570-c5be-41b2-8348-90f9b17f6cec,borrower
2fb16301-bcd0-4d6c-bc8e-5c6cdb9e7761,co-borrower
1937e9a1-27fb-4d3e-80c1-f3acc05a621b,co-borrower
75d36e53-ae10-47cd-b86c-5b99a5c6ed05,borrower
3e4a441c-505d-4752-9d37-154a80facb73,co-borrower
4e3a56d6-a8b2-4547-ae47-3ab8386dd01a,co-borrower
4d3cb8b5-9261-4390-9866-24b272abfa23,co-borrower
0c31e77f-c173-4b09-9036-fea15802fc99,borrower
a7e50df2-1da1-4ef8-a3ae-7a2224cf2cab,co-borrower
85f27bcf-1281-4b91-b891-16a85cf47e94,co-borrower
a5a41ce7-46b3-4740-880b-d504efc8e6b1,co-borrower
aa3d7985-88d4-4578-b0d8-2a0902c6d44a,borrower
78399387-2c11-410d-968d-d59c7c3936e2,co-borrower
c9505b93-d1fe-43cc-bf6e-519df1cbc5be,borrower
84619122-652f-4252-b928-85ca84df302e,co-borrower
6c53ecde-550e-4cfe-8921-2a918fe09ace,borrower
fedd0a5a-8e27-4275-9a8f-6bda3dbd6878,co-borrower
32a7bde7-f91e-4605-bd1d-56311285e6c3,co-borrower
465d0e23-9dd0-4754-b0c1-56e880a9f6fe,borrower
052e683d-81a4-478b-9a47-1652fe2179e1,co-borrower
a9cb3243-3420-4fa7-8c2a-2c1e960a1f8f,co-borrower
df60544e-2637-4335-9c8f-bf9feac7ce12,co-borrower
339ecab6-5af8-482a-a5ca-b4367e3bebf7,co-borrower
70f8f096-5811-4965-81f7-e478b2762e5a,borrower
9290912f-5c4d-40df-a040-810564e87e95,co-borrower
cc2d7297-b0a3-4cd0-809b-84e346e24559,co-borrower
d39f21f1-2297-44df-ba82-61ab2abf01fe,borrower
48f7cb0c-d5fb-42fc-9b2d-9879efd0f3f9,co-borrower
b2c4b04b-6c88-4fb7-b2cd-156002415fdb,co-borrower
a1f893f7-84da-4104-a588-e9489cd870f6,co-borrower
e9bab23d-8f30-4bef-bc48-1a7be45d35b3,co-borrower
16cf4ca4-04e6-413c-b694-437975ca90c0,borrower
49021ba6-8e6b-44a9-90da-d6d118158c1c,co-borrower
8d9bf04c-fd47-4e29-bb2e-c083461831d9,co-borrower
194a1bd4-9b76-4f91-a90c-e9509d722ec1,co-borrower
ed616515-89f7-4005-a292-24f4206d914e,co-borrower
85a3d01f-620a-4e22-95ae-ecee05e87928,co-borrower
24fc680e-9ac7-483d-bfa4-bee79096aa71,borrower
3a02d5b3-cd29-4a27-83b0-350cf3ecec06,borrower
fa02ad96-338f-4762-8c47-54e677aaa91d,borrower
c8c836cf-38cb-4304-9b67-92f6ea7f7159,borrower
b1f29f74-4ae2-485b-ad86-83be827c2f77,borrower
bccc9a28-3665-4449-be72-345b087f4fdb,borrower
04197c1a-8539-485f-a3ed-6b7841586b1b,co-borrower
62c6ac6c-0b99-4b20-8c11-802f5442d456,co-borrower
6648ea16-0b72-43be-a021-cdd1058fe979,co-borrower
465ec116-6057-4333-9133-7aa3839147f8,borrower
8407adc6-85ab-407e-be72-803ad2782ac9,borrower
efa67900-3183-40b3-8c47-bc20edff8925,borrower
c6f3d55a-c15a-49a1-8378-44616937ea29,borrower
5852bfd7-119a-4d72-bc00-cd82d133af2f,borrower
ed474bca-0a7f-4d3f-a421-8dff10e8e8f6,co-borrower
ef6c4701-0b6e-49b0-a7e8-0c9444a391af,co-borrower
12579357-4956-43c1-82ab-01fab698aaa9,co-borrower
7f4929d7-7a6c-42b3-a68c-15e96f15a695,co-borrower
93f811b9-898b-4989-94d1-2049334e9c22,borrower
5262cd35-3c48-4081-9163-66d3bfc54f9a,co-borrower
5af39a40-ff4a-46ba-a836-9355485a7346,borrower
99f95808-b5b4-4128-b8b8-19aeca13d6eb,borrower
0600b4c0-8e90-474c-9695-7d872904a73e,co-borrower
50210177-4514-43e6-8e33-162639f9bc5e,borrower
321b3867-3e79-481e-bfd4-7881239178bf,borrower
a3227bd8-e1a1-40ff-9f11-f839cc9b4450,borrower
c0fa5903-7f19-4545-962c-80ab42504d8d,borrower
a4ff817a-8338-49ea-bbb2-785501db956c,co-borrower
b2bedc3f-e3bd-4a8f-86e8-0dca671cbd6e,co-borrower
edfdb488-7ea3-4d28-a218-876bed60f194,co-borrower
c05728de-d8ce-4eba-abe7-dbce8aa1fc1b,co-borrower
94651f03-17e1-464e-8df7-19aa1e88971f,co-borrower
b1af0225-e2ba-43c3-a158-42133e694a32,borrower
bac74286-23b9-4c25-8b71-8cdc97c6a52d,co-borrower
1af63006-ac1a-4ef1-9c6a-4a63d845439b,co-borrower
b2f0fb8e-c5fc-4a88-af45-640ef1f5844b,co-borrower
9a4bbefc-6e10-4790-843b-4ed8ec6da8fa,borrower
27a91652-09b9-4c47-8ecd-0acdc159e59d,borrower
4cff327b-c134-46c2-97d6-54ea869f0508,co-borrower
a9072821-2489-4d04-a7e5-858d3aa7bd92,borrower
d3717278-474d-4f7e-80af-1e9923aab0d9,borrower
e1a80094-eee9-45ca-8181-88484c4b8b4e,borrower
366b104f-fda8-4e9d-be53-e80ce2ef6ae0,co-borrower
f9565bbe-35f9-4d8f-b4df-a0ab88d75520,co-borrower
c07db15f-c5cc-4bfb-9e80-0351181c4710,borrower
474b3ae6-d47d-4e7e-8e4a-8500b085d507,borrower
c1fc1763-0234-487a-9121-93e8cd87448e,borrower
1d6bb3fc-f0a3-42a5-9f9c-2c90500a2694,borrower
e6c38a39-0fed-413c-8b52-591fa661890f,co-borrower
54a2d857-fc03-4c39-8d88-7e23cf288610,borrower
4b387c0f-6d49-4892-a61d-0852f981b90a,borrower
da133485-0435-4011-b6a2-2d1d23f52b3e,borrower
28c6658d-8397-4e60-8d49-4ef888be4be5,co-borrower
e327d4b6-e47f-4d63-a85d-ac3945a4b187,co-borrower
1d9cda64-4eee-458c-a860-0c6c79ab196e,co-borrower
d710968b-839a-4a1d-b29a-37b513acb947,co-borrower
110132b5-2bad-4b29-8947-f0ae2b2d5a83,borrower
8d49b45c-3401-42e1-9ff9-3617327d909a,borrower
27e5c8c5-6ba7-4e22-8103-01a390318db4,borrower
6c0a1eb8-cb4d-4a0c-8c58-4b52cc6f2da9,co-borrower
e4ada729-fa9a-477b-a1c4-090e943d1f8f,borrower
8c8e3147-e293-41df-8a43-0efd5195e785,co-borrower
2a8fd24f-27b6-4848-acfb-ca7f5141bf92,borrower
65ca0cf6-5321-4fa3-9970-861a84297780,co-borrower
756db239-89df-43db-8416-2ccf75f64afb,co-borrower
a752b254-89cb-4cc4-8922-daa38ae426eb,borrower
5b3f5363-b644-4f96-999c-8a9d7ae58bff,co-borrower
904e11ca-789b-4153-9d92-47dc72e7c7d6,borrower
0740d589-7625-4e1a-a697-e1f9af6842c1,borrower
362dc902-013c-4bd6-96fc-740b8f245832,co-borrower
b88d0eb7-ea09-48a2-89b7-aeac23b69bde,co-borrower
aa74be8a-0e93-4cad-8530-fa8cf4a8949c,co-borrower
a88b6325-f505-4f05-9982-0bd4904086b5,co-borrower
060926cc-5d43-4e85-a423-9189485b5675,co-borrower
2a3589e2-5b5b-4037-9399-4f72b6680516,borrower
50a593da-dd23-42da-b799-7ee258ec7508,borrower
9bf35a46-95db-43e8-bc8a-5d3ff4f63091,borrower
293049f1-2dc8-4d84-9475-262e61faaf48,co-borrower
bffcc690-d455-40cb-8f3a-e6fe9d025a7d,co-borrower
0fbb9b2a-799c-4139-b947-1de0c496196d,borrower
dfc321f3-8437-4b6e-8d81-d214ea612c94,co-borrower
46b9f2b7-46f8-41f6-89dc-12b9e0011355,borrower
4835a8c6-90f5-4440-bf26-4eda1f4578e8,borrower
531cfc76-24c7-46c8-93af-0504bbd07c13,co-borrower
77c121b7-c804-441e-b433-ab842566b34c,co-borrower
53f75446-c2aa-494d-9331-00354e689834,co-borrower
b4a330e1-9837-4c14-9306-4c116428dc93,co-borrower
37b26346-7d9f-4a8a-8c1b-95eb2be27341,co-borrower
479d80c5-db66-48fa-acb4-f015ca4c65dc,co-borrower
257a1f1a-6414-4d1f-aa6c-dc6dc2df42fe,borrower
16222cd8-cddf-4ecf-950c-5f7cd2aaf3f0,co-borrower
a61102bf-e6a7-466a-b714-4ebaadbb6f0c,borrower
ee0a2867-fce6-4659-8443-a28e1ffe827f,borrower
102806b2-d73b-4060-8d83-827f1bfc9a85,borrower
6f0a4b86-bf20-46b9-931f-c2cc81bab53f,co-borrower
99616115-b6a5-4df1-a6f7-8ba51a703c07,co-borrower
c332c60f-0909-408d-8f50-75f3f18f8f28,borrower
dc106c52-680a-49c1-a0ad-2ad1fdb23769,co-borrower
2f38a330-8889-431f-ab57-9ee5d4c47368,borrower
baf9833a-2bf3-4a13-8cb8-4c1e0a1f6d8e,co-borrower
03f51943-c647-42ce-9fc5-8b606e0ff4c3,co-borrower
cba563a0-6c97-4d21-9176-4e67e8e2247c,borrower
e3502c23-e90b-4827-9c5c-b2f730663f9f,borrower
d704f305-8807-4ae8-897d-01e2bad738bd,borrower
ed8d743b-a698-47f7-8d11-ab0c1ce01a3e,borrower
6fab1576-9df2-4269-bb61-bd421e705bdd,borrower
96854b77-dc67-4145-ac0e-cf0df3e45066,co-borrower
76ab295c-554f-412b-b4ea-638bff8aa9b1,borrower
85a7b0eb-50ce-4fc0-b3f0-cd644a28bb9c,co-borrower
a3891dc0-d3f3-4180-84b6-c856329958e8,co-borrower
b5aac324-db7f-40e0-9603-3ab22fc3f086,borrower
8a4ec45e-cb8a-4184-9f8f-17a5a3e53ad3,co-borrower
66257825-140c-489e-9d88-ab2c20c7ef39,borrower
7da2aa83-6e48-4e6f-9ce2-25ca61d1cbeb,co-borrower
55599c4d-624f-46dc-aff2-53a7e10121c1,co-borrower
f25cab95-5ef3-4020-b6d0-66311b087962,co-borrower
42647005-2dfd-4688-afa4-bdfb0e3d5600,borrower
576c0977-76b1-4729-805c-fd1e920c0409,co-borrower
364f21ec-f802-4464-a634-312c36fb6ce5,co-borrower
ba6359fc-baa4-484a-8038-9e1313491031,borrower
036562e0-0cb1-4d2b-ace2-e6ddd8079b7a,co-borrower
1ac599d4-45ce-4f6d-8083-56dbdc66271f,borrower
ef6def78-7113-4fdc-b07c-e57c2b224aec,co-borrower
63d8ad90-5e71-4a5b-8853-9c49ee509381,borrower
e640dbfa-b8ab-4423-9376-9593a722aba8,co-borrower
6ca5eaef-e1d9-4942-8b3d-95e5f61a3dcf,borrower
7d15894b-b4d9-4963-9529-fda9722803e0,borrower
0b315a97-59cb-49f0-a20f-4d81322b0116,borrower
b7844ed2-e2f4-43e8-8d99-b03d6b169320,co-borrower
519539ec-9e9d-4bd8-89b5-fd9ebc1a06d6,co-borrower
f9d92b84-4309-4406-a909-4cdbcd021c04,co-borrower
ed8a9ef8-bc0a-4ebd-9851-2f465ab1ad51,borrower
02eb38d7-4001-4164-aa49-2364e16c08a0,co-borrower
881ddeaf-6be0-4aea-bbab-b094b9a923b9,co-borrower
c233b04f-c5b1-40d3-910c-b19179a7821c,co-borrower
d015cf19-bc06-4a3a-893e-96f6157f6ac4,co-borrower
19bb614a-81f4-411e-b24b-289bf3c063f7,borrower
996b7b66-4e8f-486a-905b-dfc65c30c935,co-borrower
13df9b6c-0501-474d-91e4-e7cf812c9c86,borrower
3195241f-f771-46b6-94f8-dcb219788656,borrower
3b8add0b-005a-4d67-b864-545aa9ef5c8a,borrower
56e3bf28-11fb-4071-a6bd-9e575766558f,borrower
b6323bf8-981a-482b-84f0-948a3adfdebf,borrower
0dc2fe46-cf5a-4e99-a151-f365b2f3df5b,borrower
069ff2bb-07f2-42ed-a739-da635fab676a,co-borrower
02dd802c-b537-4be4-a6c2-9c2323893163,borrower
ff31bae7-8b6e-4103-8ad8-5962d73b7e65,co-borrower
fe183af7-dc30-4ba9-88db-364c2a8be21d,borrower
4a328d58-6746-4082-b1b6-1e2201b251d2,borrower
39e4d381-137a-4813-874f-9f1668efb15d,co-borrower
c0840b5e-5dff-4aeb-a704-e1eadc579617,co-borrower
7952f2d8-f659-4bff-b181-aed5b9aab270,borrower
bc2f1720-b0c5-410b-bd37-67161116685f,borrower
c6d42909-c8a1-4c5e-8f9d-864552c08d24,co-borrower
175f8c41-dc71-48f2-893b-43bfff949c6b,borrower
204e5a14-471f-4b42-a1fc-4010aa2f7567,borrower
69af9302-53fa-4c0d-9845-de90acca554e,co-borrower
7d490b02-d949-4944-b339-1d7d83909a9a,borrower
7fcfc3fc-a635-4462-9d5c-c98201a7e79b,co-borrower
1d44a5b4-bc6e-4fc5-b35e-25f69a27bb85,co-borrower
a7799af3-40fb-43a2-9154-b7332b4ad276,borrower
6ccb71fb-25fb-4173-b76e-4932cffcb593,borrower
bf25730a-15a2-4d34-ad7b-8629c5c7ffdf,co-borrower
2db536a7-0a35-48e3-90cc-3bc55785afd8,co-borrower
f3d813c0-a9fe-49dd-ae0a-283c942a3c7e,borrower
59a9e9a6-9e2c-4616-8d39-5a2ab9b7c9f4,co-borrower
937457ef-6c9d-467d-95f3-5b55d2419362,co-borrower
51016f52-ac07-44c8-8f18-d30c0afe36d2,borrower
65fb76c5-53bb-463c-90ae-b1e268fff885,co-borrower
8e19e843-3002-47ac-aac8-b5544238dfa1,borrower
b408eb2e-13cc-4b25-9802-2f6e69efc83e,borrower
bf92d737-6262-44a1-9c5e-3c61ab24c54e,borrower
d66d00de-eb19-4020-a5e0-6ed4db539014,co-borrower
ddd66315-3c1b-4d11-a324-9005ecf2d152,co-borrower
395296bd-72ad-4d8c-8898-88e7caa81049,borrower
fa900028-81d6-442c-8d79-5f6c8ab0055c,co-borrower
464b5d35-836f-4f72-b5e7-bf9d0a1ab9d2,borrower
2697da7d-75e2-4073-92ca-204a0cf54aa7,borrower
8c4ffac6-60c4-4320-accf-1acfe3615ab3,co-borrower
6b0d225e-cfe3-4afd-95f2-2c218da6ab38,co-borrower
e39b0e98-6625-4a50-a5fb-99b7f1a9a232,co-borrower
f1f0f224-28ec-4d18-aa6e-447f80f56bea,co-borrower
336bc546-329d-4be0-b740-20251c5991d2,co-borrower
230cfce2-1356-40db-9be2-bb7abddabc9e,co-borrower
9cbb1853-5db9-4947-a00b-57c5048016f3,co-borrower
c0c4b29a-9b9d-4dc9-aff6-497ea43b98ba,borrower
0cad0332-118b-4ff4-a968-115b8a7fb834,co-borrower
8e570aa7-2d2b-450d-8f0d-67d63a55a8f6,co-borrower
a18b4ec6-5ece-49ed-9c88-f16e0f533a6d,co-borrower
03a632f9-29a0-48c4-85d0-ca87814f3366,co-borrower
d61bb561-9945-43f9-98fe-70657db91017,borrower
d5ac8cf1-06b1-493e-9118-46d530972026,co-borrower
b8e1356b-33a4-4481-985e-090be641f3cb,co-borrower
a6a6ac36-9a9f-46c4-88a6-f3e092b0fba4,borrower
fcdc7f83-6f65-491a-b23b-8bbeff7008ed,co-borrower
b47aa2c9-e0ba-4594-99dd-e5056a5ac316,borrower
ea7054dd-fe04-49a9-83d8-798e2b123a49,co-borrower
00ed3149-1d2d-4337-a65c-2af1c96b1516,borrower
40a57868-06ef-4dc7-8e55-215cc2467bb8,co-borrower
29bf3c23-6226-492a-9671-b4784b02e294,borrower
2b62a141-1926-438d-8090-61173d789925,borrower
012faba8-3d33-44cc-988b-3e81c25068a1,borrower
98e7f1df-5d74-41f9-9dcd-5a69cd554ad8,borrower
65bdaaa1-f52c-465f-be94-4e654c49001d,co-borrower
1d9f4cfb-9fea-4450-8b31-60e206857660,co-borrower
0362f854-f371-4451-b837-ad109062f476,borrower
096da4d8-3092-4c61-9574-1deaafe5fe12,co-borrower
b24c67b3-d9ba-47f5-af7b-c50019df5e76,borrower
974c91da-afa4-443f-95fd-322346996c0a,borrower
83a32dd3-0380-4853-b18b-f668e5f8c1c2,borrower
4040ad53-8da0-4d31-9052-da252e33ab64,co-borrower
e09cff7b-fc20-4aa4-a91e-ad608430e5bc,co-borrower
765ba144-3395-4364-bea3-185f717a334f,borrower
abe67a87-056a-47bd-8537-ce2785a3caa2,borrower
a99cca49-1f70-4b08-9ce8-5ffc2da7055e,co-borrower
a36adafc-8ca2-4274-bc3d-7f969c861963,borrower
e7e5ade9-ffe8-47b1-84fe-23bf932c8f8d,co-borrower
1df399ae-417a-49bf-86b6-482bf03b1747,borrower
77a0d223-63a4-45e3-bfbc-6214d57f8b26,co-borrower
7164f88f-e6ac-4f8b-9bab-6ca2bd899f60,borrower
9d5052a7-8d71-4b93-b41e-c8db317320d4,co-borrower
2777a49d-8cf5-42a0-b26d-01ad2a5f0e72,co-borrower
109f7dcf-9510-4538-8fd4-efe38cd38083,borrower
36c81201-8a0c-440b-a510-e5c1307ef6b9,co-borrower
e2ebef0f-fd5e-4481-9b18-f42803e0204f,borrower
38b6698d-5a64-40d9-a450-c19aa31b738a,co-borrower
b981cedf-e0bb-4c00-bfd6-7ec1410fd1a5,borrower
f389d739-b4ae-42e6-9c7d-2da031369025,co-borrower
fecb4cff-64b6-400d-bcd2-0519e70f2ae9,co-borrower
5d3dcc1c-94bf-4047-a918-36d78c9075bd,borrower
5d4650fe-b25d-42b6-bc0e-c1a9773afe5b,borrower
9b39a020-31d0-4947-a7b1-e88f8e2fcb90,co-borrower
8d51051d-b215-4f1c-8b45-18531b1dcfc2,borrower
efd0dfd4-5a3c-46de-9a40-6cccb6d4f0e3,borrower
f305d43f-6afc-42e7-953b-5c9f9278665e,co-borrower
2f38c485-1a92-4897-b0a7-de75e4e662e9,co-borrower
b2e10cc2-5be0-425a-ab64-cf0b20ef0104,borrower
f3df293b-e855-45e0-84d8-047092d22f61,borrower
220a8676-548f-44d2-bfb3-95a2da31a829,co-borrower
6d8c206d-7b83-499e-9f77-69f5fcd4d932,borrower
d0ce438a-b339-4fa3-9761-c2df15ffe689,borrower
dd40af8c-6243-4708-b447-de4da0978a76,co-borrower
f356b1c3-9c2f-4fa0-aaac-0881aa1ecdbf,borrower
5fe2ea94-cec0-4c36-bb62-429301e6c66a,borrower
ae591596-99a4-4276-a92a-bafab027c8f9,co-borrower
46ed5c28-a6ef-4e10-9bca-8bbbd64279ec,co-borrower
5646b3ec-8e33-4374-902e-7a3277d48705,borrower
b331349a-6d13-44aa-8ece-7e977eaa9310,co-borrower
2a2a8948-b888-4103-a1bd-3b0fbfc84273,borrower
64e3f5f7-1abb-498e-938c-5dd268c04a08,co-borrower
cbbb7489-992f-45d9-9ad7-c426916f561a,co-borrower
ce9ce407-1772-4fea-b239-07567fc40b6d,co-borrower
f8a60d98-3981-4d4a-9ae9-1042d636c0ed,co-borrower
ba523654-3549-4084-94a6-aa1e8f56654f,borrower
ec1ace5d-6c69-4d1b-abc8-e4f69ed1b779,borrower
8552720e-9e75-4dc6-b4ed-82379d15831a,borrower
781fe520-4948-4ff5-a71a-78155e8d7805,co-borrower
0ee229cb-1724-4a3c-9ca7-fd87f2e35cf4,borrower
3b59a32d-f182-4263-94a2-918dca82f864,borrower
7afa1205-f5c7-4978-90aa-d9c97e2e9d45,co-borrower
daf6b4dc-9128-4059-8f7a-fdf234881610,co-borrower
b77c530f-3ec5-406b-b971-a7892f99a34a,borrower
180e22bc-7ef4-4ea6-bfeb-c818367d37ee,co-borrower
f73b0cd7-5d30-42ad-a11e-d0a9e759178f,co-borrower
445c8e2e-41e6-42f8-b837-a2b3f3cde07d,co-borrower
a58d100e-181c-461e-89b5-2cc8ff852d68,co-borrower
30e12710-5943-494a-93ad-27a87a9e2a3a,co-borrower
f35a0b05-9260-45af-afa7-129d2f96cdd1,borrower
f09e9e90-5cad-4e9e-932f-455eb05ede66,co-borrower
dc4ba966-4eb1-491f-ae40-847f0c49bfb1,co-borrower
b12354eb-0dc6-4c65-afa1-df6b6af9d937,borrower
08462bf8-e401-4879-b9f4-2914af9242eb,co-borrower
37b3014e-ef2b-4a3a-b2ca-a9732932eab5,borrower
1bea1fe0-a7a7-41e7-8f8b-65c96ac9c63d,borrower
e5c20fed-1c9f-4621-9aa6-7f79c3890ac3,borrower
74993eb1-0225-4ade-aef9-c35ba92b4859,borrower
70345fd9-8968-4df4-bdb3-e0ab7673046c,borrower
3e8a6473-7c88-4f80-a843-1db98fd4bd2e,borrower
a20062d8-0357-4ebd-9520-bb4038f457b8,co-borrower
776f32f8-ec05-4464-94f3-afa9ae64e766,borrower
be597e8a-7525-46a4-94ff-e2bf1b7ad8ce,borrower
b354e759-16eb-4b75-8b64-c24ecf8106d7,borrower
302f07cc-237e-4589-8042-ee291260387c,co-borrower
9a700496-5e7b-48ce-b841-48b29163d1ad,borrower
7c8cfab8-5403-452f-b5e4-6c476b91c31f,co-borrower
8581d464-74f5-407b-b478-33d15a73f124,borrower
42163628-b7ea-48c4-baa7-6825b18c896d,co-borrower
7b768bfe-cb7f-40ec-bcd5-8965fa787b7c,co-borrower
6a536784-0860-437b-862e-7c17ccd266d9,borrower
82acc526-b596-41e1-8172-93b43dead3f9,co-borrower
4522d9b8-7874-4bbc-997d-f9e15c84e042,co-borrower
e5a0f222-a51f-4df1-9dc2-2d609891f922,borrower
4e84820d-e533-4e9e-90c1-11283b0f0a34,borrower
69847d09-4469-44a2-8242-00de2bb5ec2d,co-borrower
b44e3886-c548-4a8a-9e5b-1852aa66c559,borrower
ca008dc7-1460-46be-bb4a-65252576d9f5,co-borrower
645b7edd-b4d5-4984-98b5-3ffda82482f6,borrower
aa0e4760-e9e5-4715-b44b-caf60b6c7266,borrower
459ecc3b-0efe-481c-88d4-85b3ae5c3e12,co-borrower
676bb0d5-9b80-4336-b4b5-dfed37d7e2b9,borrower
d746e45e-ccf2-4bdb-ac6d-2c9539596bac,borrower
b8e572d3-f36d-4112-bf67-fed6a9543c85,co-borrower
3e6e76f4-0d45-4a11-b975-c5ff12f70a86,co-borrower
a0bb8137-5161-472a-b946-98c74d81cde4,borrower
f093b937-c194-4101-b078-f39053b0b4c4,borrower
f8428d20-ce84-457c-9fd0-968bf86720a4,borrower
a8a46f8f-cc71-4c0f-8a1b-19a6209ef547,borrower
1a87e98b-1ccc-4a3e-998a-353b6735c6d6,co-borrower
e4d90552-8013-493d-9f4e-23085c55e9aa,co-borrower
b49572e7-be0b-48b7-abf9-ae1b748edc06,borrower
eb888c2a-b24b-48db-91a5-2ea880bc3402,borrower
4b27c5e6-175f-495e-a102-0839d0c53bd6,co-borrower
defa93e8-9389-45fc-9e3f-b52216993f57,co-borrower
dbf3cc6d-79fa-4482-95ac-59c316865fec,borrower
6529dac6-ee43-414c-9ef4-54a48f9187f8,borrower
8862116e-910b-4e77-b2a3-128f1e4fa5f8,co-borrower
343a2edc-7932-4598-8e35-a93b85c5f137,borrower
9a8e3d71-e16a-479e-9b09-b5a81c97fb4f,co-borrower
11bb1713-6b98-4f24-ad46-20bf5a197908,co-borrower
0c57d6c9-5cda-4494-86d5-b41763d21d5d,co-borrower
96505958-96cf-4e46-b324-f63dd9ba057f,borrower
d4f327ae-7131-42b1-8bae-6d33dfb5725f,borrower
a7d69153-88d0-4fa6-b8ab-df1168d6fefe,borrower
72d1e3ff-b79f-48c1-a983-b053e8e919ed,co-borrower
7e435496-36b4-46a1-9ebf-454c5eeb0c9c,co-borrower
a1c61b2b-4273-4e90-8e35-0f44fe3ba769,borrower
527be0ec-3725-4ddc-a8b3-c6a14911fdea,co-borrower
31e5cb4d-82a4-4bef-b067-908bb1ba0f86,borrower
24587179-d056-4a72-b5d2-916d1ce768c9,borrower
54e0d5d4-7b2b-4c78-926e-fe6238ca3f02,co-borrower
0df8f873-1b7f-459a-8c84-6ffd07055272,borrower
3f68c450-ba2a-4862-9c61-a58b75cafad8,co-borrower
4d4fe0a0-4bbe-4718-aa99-3379984723a8,borrower
257a55d9-989a-4747-9579-468b6976794c,co-borrower
39b7280e-e0c8-4e3f-ab79-fc8b0f6778df,borrower
3569407c-3e85-40e0-93b7-0af35d7fd2f1,borrower
bb823223-0a4c-42a4-92e2-179f28ea0602,co-borrower
329726bb-7fc5-472c-a4a9-5274fdc0bd0b,borrower
b14bc6b3-587d-4743-8f66-664b109154c8,borrower
e2f9ca92-8e8d-4f0e-9a45-9e13664f3c8a,borrower
aab89039-6e83-4549-bcab-7fe285c5a741,borrower
6f3688fc-49d5-4000-addc-b22a7be288e2,borrower
803050a1-0818-4dee-901c-c38cae14b0fb,borrower
ffe20a2e-b586-4469-bd85-a383e7dbff08,co-borrower
e14dacbf-2ad9-4f3e-ad17-6426c862b513,borrower
74ac564b-1157-45db-ac91-80603c4805c7,borrower
3c915dfa-4fca-4e37-adf4-35e83abbbaf2,co-borrower
c9c6b7eb-b486-466d-b42a-d216fc941ce4,borrower
280f9711-ea68-4009-978a-d841d7e4a200,co-borrower
b4ee16f4-6e34-4987-90cf-15b280faea19,borrower
85373703-d5f0-4f58-974f-575a356680ec,borrower
757f356d-49ec-409e-8991-ccb318fb7a43,borrower
267584e1-dc8b-44d6-984f-d41b7740e1c2,borrower
64b45150-e853-481b-abe6-5555f8c17376,co-borrower
3525d18e-23e1-4e78-bc73-07c2f4a419ce,borrower
60b86bf5-370d-4341-9cac-a986d1ff3509,borrower
7fd09f19-9e48-49af-9fe7-a30ae7a0485f,borrower
6997d4c9-fe4d-4482-add2-e51a4a138641,borrower
7d8bb6fe-585e-437d-8f13-1c017331aa8f,co-borrower
ea1b3c58-ed3e-4a54-b059-a6bb4d59a68b,co-borrower
71cae994-4b2a-4224-b765-910d1f5609cd,co-borrower
4cad27c3-681d-4b61-a8bb-a1bc312f7c78,co-borrower
dafbfe48-c6bc-4e58-bacc-8a6f32e82b22,co-borrower
8dc7f83a-2754-417e-9569-5dd661fe8610,borrower
27f44611-f853-49ea-b0a0-8a7129c2941b,borrower
00215403-d913-4589-ac2d-3ebf9faca058,borrower
ab10c7bf-426b-477e-9019-669811221de5,borrower
56a60de5-fdf5-472d-9255-07c17f32a14a,co-borrower
8c856ed2-f2a7-41f3-a0d4-d7818d50869c,co-borrower
5b0de462-076a-4cfa-b767-23c6a842179e,borrower
21f7bde3-6c74-40b8-86e6-1fadfd00d655,borrower
e02001f7-9785-4b2c-a974-a139ec3b5493,co-borrower
fe2f75cf-58c8-4b5f-8633-ceb06eea2fce,borrower
b7999e53-56a2-43c0-ac7a-2528507e412c,co-borrower
879deeea-10c0-47c7-8ea9-89252c8d1a23,co-borrower
443e1fcd-b33b-4c7b-9541-e1522e425969,co-borrower
dbfd7a6a-c3f0-418e-91b7-f8a2bd5ad4af,co-borrower
4283bc1c-8fa8-4765-9e71-a33e943750ff,borrower
9b41bc25-4861-490e-92a2-2793d338e560,borrower
bf21433f-1227-4761-bb38-63ef63c4db01,co-borrower
20901a6c-3a4e-436e-a0f6-2c4ccc31b040,co-borrower
16e64075-a8fe-4d23-8fd7-f278f3004938,borrower
8bf5b1e7-a96e-4953-b900-665430966ec4,co-borrower
64318d82-d567-4079-ac72-2f6ae9e6e821,borrower
c4259f3c-c120-4b1c-a699-303dc58a52e4,borrower
95907926-ea6c-4d5d-aca8-55998248ffd9,borrower
05cd77c0-5e85-4d61-b6d1-05e1662d1d39,borrower
01b7a0e2-f66d-42e2-a7c2-efe73841fa14,borrower
2df30f70-85e9-4033-94fc-43c51c024058,borrower
1fa00774-1ab1-49f0-b202-e4fbc058dffb,borrower
400bdcaa-a1f9-47c6-9c81-246326300d27,borrower
2e763b6b-817f-41fc-a6ad-fd76d0dea8a7,borrower
68ea5b2a-cad3-4b85-a9d4-7d64ce5bcf7a,co-borrower
c3923bd3-7d7d-491d-a214-0c4ffabb1c89,co-borrower
14420fb6-340e-4b4a-95cf-49fb86c26a69,borrower
0e84f349-78a2-44b8-86fe-57052a40dc40,borrower
9a7c1b69-6fda-40c9-a2d1-7731f8d33ced,borrower
cc4e5e58-38e3-4e86-b704-08cfbadf6e8a,borrower
837dc46c-e551-4004-8189-e04f88555c54,borrower
043863c2-6c1e-4b08-940b-2666d7309bd4,co-borrower
9319de1c-b155-4999-a62d-7425217c25fb,co-borrower
882b2f0f-a6a5-41f4-88d9-033eacd101f3,borrower
7b1d566e-87a1-4cd0-9c71-bb5abf73f038,borrower
db92a9d8-ae11-4b85-ab93-f8c4f7705b47,co-borrower
d03e4c9c-8626-4772-a767-c7bf824473f7,borrower
afb7138a-7352-42db-a46d-951cc5df1077,borrower
9e45d265-6aa8-4fd6-b199-5906c231de9e,borrower
bcb0f8e1-90b0-4a98-9438-7f6926ecba6c,borrower
4e1e9ea4-11a0-4acb-a34d-65a872bb9831,borrower
fbef2125-5d7b-4053-b1a1-71d2bfc1e7a4,borrower
563e8b11-f5c8-472c-8e4d-aab07515f02f,borrower
87d462bc-a9ca-4e6c-b0e8-d29496db86f5,borrower
fac12a97-7ffa-425c-b19d-34f4f0fd00de,borrower
ec7c316b-b06c-44cc-b13f-2e4c42901566,co-borrower
e1fccd49-5f2c-4571-9af3-bdd88b9ddf30,borrower
d7e5b5ad-53a4-4c96-b6e2-013771159a69,co-borrower
be379c02-27c2-4bb8-98e1-7234ecfed91b,borrower
87959eb2-5425-4c46-a15a-d88d0e691ed5,borrower
e2397382-0e3c-4122-94c9-02c11778fe68,co-borrower
43fc3557-9bd8-4464-b045-d6f8359a492a,borrower
8ebd6092-effd-40f6-96ce-3de247e841dd,borrower
04cc1749-fa83-463d-a26b-1343be0694a5,borrower
a6537712-2e12-4db0-8fa7-4f48ba49102f,borrower
874aedf4-034a-45d3-b94f-65b7d83f0277,borrower
f0234cfb-08bb-4792-b6e1-a902554e745b,borrower
ac72cc13-3e0e-4048-b259-bb7e31249358,co-borrower
74d5cd39-5ce7-4fb2-a3f1-d6ac6548940f,borrower
5afe3af4-dadb-447d-8fc7-d920bb4a99fd,co-borrower
eb183436-70a8-45f9-9f4f-95f4b7e1f3fa,co-borrower
41e91720-4ec4-4b20-9a29-8fdc2cbec5e3,co-borrower
88d5d202-c801-422d-bc19-42a706319b4e,co-borrower
ee64b032-0101-46df-96a2-493176d31fbb,co-borrower
bd235ad8-661e-42c6-8f69-0c203455ad47,co-borrower
15625fda-6132-4878-90ca-9a18feddbe39,co-borrower
39c648f8-d73b-43e0-877a-2e1babe9c906,borrower
a08bfb64-9431-46a2-9bd0-fdf319ab7b17,borrower
b40d0b29-b50a-42ff-8e1c-0cb28b2081e6,co-borrower
569d3c59-ad59-4ca6-a5e4-a7722bebfa10,co-borrower
f5c05768-fd19-4e4d-8634-70187be89b18,borrower
c0471a41-cfee-4c9e-9528-d45fab8e1c0c,co-borrower
99c23c0d-197b-48d3-a06c-ba037811674e,borrower
d399e0ff-10c3-42aa-b942-b7a31122b2c7,borrower
7eeefa3b-cd0f-4c3e-8835-9a6b251ce817,borrower
41853f0e-148e-4ed6-8246-eab1b24bd3ca,co-borrower
1c20ddf8-640d-4a36-81bf-a8964f71a5c5,borrower
dbb5fda7-fcb0-45e3-b50f-28714f7a4678,co-borrower
b1607c9b-c030-4247-bbc3-25a848f3b664,co-borrower
b1dd431a-0f0e-4295-aa5d-abcfa42743c2,borrower
319dd887-b0c0-4e55-8c87-a97d7480dac1,co-borrower
3dc4fce2-2c56-4887-86b0-46f059238f60,co-borrower
cca328f6-328f-4340-89ba-91d78287d5c9,borrower
82fd1cab-eee9-46fd-b0a5-bec8f3927e23,borrower
5f61e806-73a4-48d5-860e-3edf18522384,co-borrower
403a0473-43be-4a3e-8055-109c859e9048,borrower
f27b0189-898e-489d-8a75-41adc62cc83d,borrower
1066612b-bfa8-4542-8327-27b23f81f484,borrower
1a082957-9f48-4ca4-b3b6-a519a39e400b,co-borrower
15c06e30-bf7e-4c21-a816-c18a460c040c,co-borrower
190844e4-a49f-452a-97ba-fbd850bdd9c0,co-borrower
ac2aca57-8879-4b5b-8a46-cc78e4e9441a,borrower
f3ee6773-d4dc-4fd6-a58d-9bae82be126d,borrower
82ebc942-13e5-453c-8bbe-17ce123724fc,borrower
9d642b5c-5709-49df-b9af-ddaf28df699f,borrower
ab4fafd0-51e2-4377-a7ac-c829cd4ae089,borrower
2d7ed354-4970-42b9-bf8c-74a60d3fb299,borrower
53e9fc9d-ceb6-402d-ae29-5d2723ae3d64,borrower
76bc6c68-a414-4abc-a148-6f1852c220a0,borrower
b0aab3bb-d61d-4956-83ad-35fada7e2b47,co-borrower
79997d63-0f40-4aef-9220-1bc0c0362e50,co-borrower
3ee80ce2-05f5-4594-b339-a9590a0d53fe,co-borrower
8f1d2b7f-680e-44b5-be13-71dbf3a76d39,co-borrower
f84bd458-c046-491c-bb28-0c53dbac8002,borrower
3900cc12-5ea2-4a57-8ee0-20c9e02b963b,co-borrower
5e3c7c1b-c417-4d7c-9561-bd6d22198463,borrower
077a8f4f-d5fa-487c-9fb9-ed3651db1b62,co-borrower
7887884b-ccff-46b5-bf46-e1751c692e57,borrower
940018d5-84b7-485d-9d0c-421145954e55,borrower
80cd7934-f221-4a1a-af39-e405858ce5e6,borrower
d15fc78e-1344-4b16-9db0-17de056e97e8,co-borrower
5844b179-23d5-48e9-a450-f39d7de857c7,borrower
c69e40aa-4255-4c18-b76d-f056dabe056d,borrower
e3eac5a0-6126-4bfc-a73c-9cdb52df6c9d,borrower
c785d54a-25f6-4b56-b7d2-c9815a5e0675,co-borrower
5ae25c48-f833-460f-bc65-72c716ab16d8,borrower
a6e6292d-6bd9-48f3-852b-9578ca5112f5,co-borrower
44d56f56-1f04-4054-b1f2-72f6d7b84549,borrower
b9f9d551-3b27-4ca8-92e5-fa8da28b463d,borrower
b0464bad-8be9-4bce-9e36-dd415443e52d,co-borrower
97726e2d-8933-49ea-87a9-5d2f3fd8ff33,co-borrower
99b15ecc-8ad6-4a95-b315-d953313a17cb,borrower
e5edd974-3337-48d8-a06b-e22177e27252,co-borrower
27a511ec-34a9-4620-8d4a-e90c885a7df6,borrower
778b9089-0c72-456f-8781-872f884eca25,co-borrower
2925a49f-5a9d-421a-8041-49e1aa02c3dd,borrower
6251fc52-4642-48f3-beb1-d0aadb7008a7,co-borrower
00bf248f-a88e-4e95-a752-21a43f4c4b88,borrower
b88a499c-5756-44ce-9906-98b86b21e40b,co-borrower
4acef983-66cb-476a-b999-3cbfc3d41c43,borrower
5a24f1e9-12e6-4a44-b97f-31ecb647dd05,borrower
fb61e193-dfd8-46fc-a225-fc347e980ba0,co-borrower
d8e0b9bb-ea3c-40ba-9889-4db9d97718f7,borrower
b1ba507b-4dfd-451a-ac0e-2ed77402c936,co-borrower
c4bdd6a3-11c8-4059-899b-73be675f1d33,co-borrower
3ecfd5f0-09ae-4a8a-a9e0-1a5677420f75,co-borrower
266b9cc9-c5e3-4f67-95d2-2288af4d3828,borrower
6c422ca8-b900-48c7-9843-414528f5a3aa,borrower
00110466-cc43-45a7-a6ac-e033e3c3d4a2,borrower
3d542c4e-234b-4a0e-abed-c0d696dd0dab,borrower
ca3a92a4-66a9-4a7a-a8a3-5701ccb31d99,co-borrower
3800f3b5-18f0-43af-8b9c-3fe84215697e,borrower
83fd1c37-c82f-4bbd-97b6-2104b4fc4ca2,co-borrower
fb651bbf-645e-44cc-af95-23df44c1e8ca,borrower
082795d1-47a2-488f-acbc-78cfb267c758,co-borrower
930745de-a798-4511-86a3-1e1c0c547031,co-borrower
aeeda0ed-165e-4a20-88de-4016d01c5462,co-borrower
79dd0e1a-c28f-420e-a61f-bf76a2d6fbda,borrower
c8740544-7065-446c-971c-f1873808a4bf,co-borrower
1f4747ab-56a6-4982-a45b-97112f92c593,borrower
4c5c9f65-e97e-45e8-b874-a27cc29553a8,borrower
b0990f3c-debd-4190-813a-c895ad7f6216,co-borrower
cb73489b-b5c3-4e2d-9fd9-c549b1df26b0,co-borrower
6d30bca3-3ecf-4aad-b3bc-3b305274ea44,borrower
430b6fe5-7cbc-4190-9d29-285d8abab7e1,co-borrower
4129865c-66db-4676-966f-ebd5300a7309,borrower
23b9a6fb-c0bc-4021-a209-64dad30dd644,co-borrower
dbc372d5-12b7-4a98-a2b9-6efcd24a7599,borrower
50177046-99a6-418a-adc0-1d6933981a9c,co-borrower
37c6e0aa-b1f7-4c29-a8aa-c6b9de66cf40,co-borrower
f8840d6f-4dc0-4d8e-9456-1b12e7b1b94b,borrower
e80f03e7-6a54-4e64-8813-4ae7a31fbb90,borrower
59677334-3daa-4cc6-b748-1af811fb8bb8,borrower
eb0a4819-1744-4b61-b7b8-8fd56439fc6d,borrower
abb21690-0b0d-4ae2-8d1a-cb165e835aae,borrower
8100a407-cdef-4cd6-a248-3c1e2549cb57,borrower
a724dd49-1c4b-4032-9ef9-7bfd7944368e,borrower
9adacc6d-9497-4d7c-a121-4a06e3ede178,co-borrower
521cf057-9e30-49a0-98cf-b28701df5b14,co-borrower
fe6f4975-8874-4745-9cc9-c12395c7407f,borrower
b3bbef2a-94b8-407f-b50b-fd1d23832fa1,borrower
53f479f3-2557-4fac-8e7d-8c5385f6ebe0,borrower
2fe10e25-9c76-4d33-9d4f-773f1d45a3db,co-borrower
905befa8-266f-45f2-8891-c1678d4c0200,co-borrower
e5290819-78a5-46c9-91d1-d7235ae911ae,co-borrower
923aa0f9-2e33-424f-8ccf-94973381ceaa,borrower
49a780ca-ce9d-4d74-8838-c0bb97eb82db,borrower
8aeffbe6-f924-4825-9b04-bda1459807ac,borrower
dd112a1a-0f94-49da-b7e8-7d7dca20dc0c,co-borrower
8624ae58-56cd-45f0-a951-29468584a536,co-borrower
ecda83c6-43ce-417f-8c51-e98fecadb92e,borrower
678b4f5b-fc06-47a7-a6da-d157c4131bba,borrower
6e3d92ca-9a2e-42d1-9b36-fa210525f259,co-borrower
af6027c5-7498-4382-a819-1cc2b2376fe8,borrower
537a4de3-99a7-497f-97ec-c820b1471a7f,borrower
dde952a3-efec-4279-b43f-1f853c0a56fb,borrower
6495e525-aa46-489c-b1fe-b0599db70d61,co-borrower
fdc0c8e8-3746-4c61-ae73-296ca654ae7c,co-borrower
968693b1-841b-4734-857c-76340304ee42,co-borrower
03d3d377-c25a-4abe-a637-a3bb0ec589a7,borrower
6633ec3c-0f12-4a5b-8b55-6410d21f4ae2,co-borrower
0f85936d-0047-4a55-83b3-698442045f63,co-borrower
4788bf87-e672-4410-87d8-2e8ba1fac273,borrower
419f9961-b2a1-481f-a8d4-c7f3c745a007,borrower
3c4173e5-c9b9-48ef-a786-1221ad0dfd81,borrower
c1c12a90-3c6d-45eb-a0ef-41a85356d4bc,co-borrower
7b799457-dcbe-4000-b9ef-3f85d0174a91,borrower
5908233a-aed9-4597-b3f5-d4ece2c47d5e,borrower
6186026e-d09d-49ee-a3f2-4541a6cf2615,co-borrower
477b9afd-0f44-40af-b27b-8ff7c347c4f9,co-borrower
c213f5ab-29d4-4967-a1ed-d1a92ac350f8,co-borrower
780dbe66-ef27-40f0-b79a-371180acc762,co-borrower
b0f9fc81-3569-4515-998c-4592c9f27eec,borrower
d827425b-df1b-4785-8fe2-f51bffe93f84,borrower
727e3cfb-1eb7-4a36-8ab7-a508ef17f18e,co-borrower
98ec42c1-4526-4794-8de1-43bbd24505c5,co-borrower
4b59a937-3509-4894-9f10-0a1bc7622ce2,borrower
a863245f-8ada-4a81-8a0b-c2104e34ce32,borrower
a077c26c-90bf-4013-a804-9580f03a3279,borrower
72267ae2-7be2-43e1-b894-432bd256ed46,co-borrower
212f267c-d9e3-42d1-a1e3-8577da2a4f07,borrower
d27c9fc4-6d10-4420-b692-34576bb91146,co-borrower
fcfb1a67-3bc2-41b2-9fd1-98cc05ddd592,borrower
ae650179-592d-4e42-adc4-ae78380e5fea,co-borrower
d5dd7891-c38c-4ad8-be1d-1359b16b2caa,co-borrower
2e3cbc8d-593d-400e-b665-7f8a7f38dc40,borrower
244017ea-b842-495f-bf21-247f57f17316,borrower
dc217cd5-d05c-4638-b5e6-918aa51b5c89,co-borrower
a7b242a5-365e-4126-b32e-934b88058e37,co-borrower
0fddbfe3-c0bf-478c-924f-9fe079068243,borrower
50f97422-901e-4d2f-841d-29a69b213696,co-borrower
5eeafcdf-d8b7-4d41-a5f0-04d880dc3973,co-borrower
467a7f9c-5e57-4c9c-8b3d-8f4cd7be3c59,borrower
7547af7f-80fe-4c5b-b3f8-21a4f4487200,co-borrower
217f6d40-7c41-4761-8c00-00085b47f651,co-borrower
b191c273-1d0c-4adf-9e22-b84e72762025,borrower
48e0648d-48d1-49ad-9e1f-7f7989bd71f2,borrower
37121101-8ca7-48c4-85e3-b34cce7af72a,borrower
0fa06c3e-9c9f-4a93-9ecc-b287e123b78a,borrower
8bb6c3a3-02dd-4b9a-90b4-7fd18ede6412,borrower
a25a56d0-8dce-437c-a874-776ba76c7a8e,borrower
27b57ea8-56d5-4615-a6d4-e62da74e48e3,co-borrower
d2c5f1bf-1332-4f21-a91e-8e8cf39c53c4,co-borrower
b9643112-4ac1-4cd6-b423-cadeb66be300,borrower
ea12da76-45e9-491d-a47e-f0a7a47c25f8,borrower
db7e1ab8-dcc3-4409-bf6d-3d2291702635,borrower
679750db-d441-4265-ab0b-6920c1647571,borrower
5ec05f79-4f94-4bc0-a31a-30f62c4203c1,co-borrower
b812ed8d-e1d6-4c62-bf21-526c90b32ebf,co-borrower
432e5bfa-9d00-44fc-9369-742213e8e88b,co-borrower
531aeff7-d018-4e32-91fc-cc5d4dafea24,borrower
1439f63e-a185-44ab-a7a6-ffbe15ced758,co-borrower
574a8a50-4967-4672-99be-72c96486ced1,borrower
ed32a039-f815-482a-b926-874206506cb6,co-borrower
51bc2743-4019-4f3a-a27b-6abbd5c885d2,co-borrower
b45269b4-4629-4a5c-82a6-89f50f654093,co-borrower
2868aca8-4424-448e-98d3-d4ea384e2a9f,co-borrower
574883ca-8420-4ad3-8248-2a0ed298437a,co-borrower
9d473f60-9a7a-424a-b427-02a489b7bf9d,borrower
81bdba7e-56fd-45a0-ac0f-364bdcada7fb,borrower
585b6402-6fa7-422c-a413-183f7c37840c,borrower
ef53e99b-50d3-4761-9aec-d2737dd6d46c,co-borrower
ee6bc94d-0436-41ed-81d4-5a4c0db21d5c,co-borrower
f474dcc7-0ab5-4e02-ab7e-1cea7957dcb4,co-borrower
73e47055-2c42-4479-9d1f-59de89d73028,borrower
bf6c89c2-736f-4ff2-b164-71b477dbdc3e,co-borrower
b12df520-ae46-4430-be1e-b84707b48688,co-borrower
48d334c3-65f1-48bb-bccc-c31d4651dcc9,borrower
4025ed9b-29a8-4436-8c24-47959c5d4e3a,co-borrower
d0770e46-ecb6-41d7-9214-4106b7618e72,co-borrower
56282c24-19e9-44dd-866a-a0adab3f9284,co-borrower
5adfefe0-b196-4858-82b9-3f826b9da5b5,co-borrower
3bfe4555-3cfa-4cef-a8ef-72c8263eee94,co-borrower
47553d5c-a29d-48cb-b006-09c257579cef,borrower
1792f436-e7b3-494b-8a15-67ec3eb64813,co-borrower
c169697c-8697-42f9-a643-e24d6ab996ab,co-borrower
e77b0787-09a1-4847-9625-9f648551547a,borrower
ef7f00cd-c913-458c-80d9-d128f30cf1ce,borrower
c36e70d4-c7c2-483c-a456-95520264a2e7,co-borrower
132a8024-45f2-4a40-b4cb-9fdd7e7696e5,borrower
a7349e13-3d5c-4df1-a64a-eae28aec9a90,co-borrower
e0230fbc-feb7-42ba-a724-977eb9a592b0,borrower
fb7166ab-d1f9-4f1a-a314-42a9060c674e,co-borrower
8ef00108-38bb-4d8d-833e-dd648d18fcf2,borrower
c80ab05e-e3d6-4998-b212-cd97e784fffc,borrower
5c167176-c479-49aa-9557-d5f4de6eba23,co-borrower
03ffeb9b-100b-476b-b694-0b8fbeecd890,co-borrower
5df28efa-c29d-49af-8c13-5696c9166b14,co-borrower
0a8e10cd-cb6f-44b9-80b3-59e31545f9b1,borrower
8db96f00-930c-455d-93a6-79bfd874f89a,borrower
29ff50b1-b7be-4c77-bf60-5f3fef6ef6e2,co-borrower
4e02660d-7de7-43f4-8560-38280bbc9cc0,borrower
b03858ca-846a-45c0-80d6-2bc2a05e5386,borrower
33fd11bd-5452-4920-ae9e-3f7f69ed7618,borrower
2e8e0e2a-a278-4786-a1c0-6a3b1b47bf48,borrower
f4537b90-f4fe-4682-bae3-457c97a34f26,co-borrower
e8a49fc0-e8d6-4d5f-ae1a-11fc3eb1a20f,borrower
eda210a0-0974-4d42-928d-1c2902deb0f5,co-borrower
84d4df1c-2e49-41dc-b2bc-5d55fd9f0887,borrower
2d769b4d-1bbd-48b3-bf78-6df054267877,co-borrower
ba96a1bb-e62b-4509-aef1-01abdececc3b,borrower
d74470c5-4854-462c-94dd-5f7118add335,borrower
6b883849-7ac1-42d6-a882-3ead997d77fa,borrower
e24b3864-67f8-461c-8a05-00e188dfdb1f,co-borrower
604ec314-0a4b-4cdf-ae56-88e23a6fe9ac,co-borrower
a6a97fe1-5099-4bc6-b301-614a9892bbd3,co-borrower
eabb625f-8f85-4f97-bab5-a9f8fe49b2da,borrower
0026646a-6ad5-4883-8742-33a370a8da20,co-borrower
83a9f034-8530-4833-b537-87a09a8b7827,borrower
e8725981-5898-4991-beef-65ced44c0964,borrower
2316b01d-4195-47b7-bdd9-6771f5d321d7,co-borrower
0d0b1c13-f6c2-4286-a0a4-498bb6833fcf,co-borrower
1c04cf08-9926-4508-8c65-288361046ab1,co-borrower
4c8c893d-a528-4bec-9795-8a0dc2557a1b,co-borrower
0ba68138-f8cc-45f7-9247-0fcc66dc833a,co-borrower
10cdec06-57c6-4e56-b2f0-529c5a2cd3e9,co-borrower
b5c1de33-61fb-4623-a435-761028abcc95,co-borrower
ddbda156-5187-49aa-b148-ca1283f26fb0,borrower
5c6637d9-2556-48dc-a752-102806251afa,co-borrower
195b025b-52bb-4f6c-8852-dee6f83669f9,borrower
ae53f290-8b8a-48f1-8fa0-6f31e0f0f1ab,borrower
82f069b4-65ea-4812-a312-159093c3ab55,co-borrower
5de8af36-a6d3-4ea0-9033-1167cfce5a8e,co-borrower
87fab6ed-2dfa-4067-a230-b1b3c7292082,borrower
365f39d8-9b96-45a5-8487-bc680a6da389,co-borrower
faa201f7-2a7f-4295-9133-2e18d2d82f51,borrower
81842edd-6d6f-45dd-a545-2f63d9faf768,borrower
ea76aa98-0221-4ff6-8467-ec3d25ee6037,co-borrower
3b65ba90-2631-4aed-a98b-e4153110d962,borrower
1dcb2c20-e6cb-48b0-9f4b-4a9ad444d04c,co-borrower
6c25794c-be8d-46a8-a4e2-f1cb1f6b0179,co-borrower
8bd88225-c4d7-47d3-810f-5110ed67d846,co-borrower
ce1974f8-be98-47a5-9f04-5126a2fd4cc8,borrower
2892bb24-c4b3-44aa-b30f-6876ec750ed1,co-borrower
74f0dd88-4d42-407e-84e5-9993cd247842,co-borrower
dc3df0bf-0a7a-421d-8af9-ba9def35047a,borrower
51231531-7ed5-4dc0-9c18-2106fce4bacc,co-borrower
4013f826-a457-4693-9a39-3fe1b7b57c51,borrower
3330f91a-3b13-4ccd-abc4-c15442db44fa,co-borrower
a39c055d-fb45-40c7-934a-2a7f42ff33a9,borrower
92fabfc3-e936-49cf-b79b-7157adee38d9,co-borrower
4fc65a27-ab52-44a8-9526-1a75045d5085,borrower
57a8a148-a258-43d6-98d1-028086824a1f,borrower
89e73173-f5d6-427a-bdd8-6767a19684a6,borrower
a4b62e3d-a863-4be9-ae7d-9f734063f4c4,borrower
fbe45ce8-f3b2-4cfb-a949-b4957bf50cef,borrower
ac3c84ee-8970-4e22-b1fb-dc66fbf4fab5,co-borrower
72f6d302-fa75-41b8-a468-85d7109bc3be,borrower
6f5f5e25-859d-4060-82cf-53bb662dc7d5,borrower
8f16ae39-708d-41fa-99e3-134733ea9450,borrower
d0e66888-d10b-4cf5-a819-7ca18f794ac2,borrower
8afddd9e-f90e-462d-bb7a-e392cd27a41e,borrower
4ee97c88-9b28-486d-9ba7-c9b4b0ecec77,co-borrower
ac17c04d-d173-4338-9cac-be861c274701,co-borrower
ce71eeec-34c8-463a-b79f-228a2446a620,co-borrower
6f3d5233-3701-44cb-ba9e-c5469fc287b7,co-borrower
a843593b-313a-4afa-bb2f-2802f54e1f7f,co-borrower
8a0d0970-0358-4320-b613-cfb61ea9df45,co-borrower
14bd76bc-6643-4d1d-88af-17b47b7d6e90,borrower
9afb148d-040b-4579-a541-442091a9a5a2,co-borrower
86cc49d9-7b89-4c0b-9a89-bbcb3cd32775,co-borrower
cf0df3dc-e02b-4d66-ae2c-b2391bfa63ad,co-borrower
99e0d325-991a-432f-abe2-33a0384e4a82,borrower
fdd55019-babc-4aa0-89d9-c00a33a0cde0,co-borrower
df273764-f2c1-4bb3-8e56-4d486b77b91e,co-borrower
d52f9713-e2d9-4237-b6aa-f02a57c47d50,borrower
55c891c7-e4b1-47dc-b8f7-f7aa364f50a5,borrower
14f209f3-46de-47cc-896b-38e65dc4a11e,borrower
6ade1c65-ab41-4277-8530-16b0ebc45996,co-borrower
75421c0c-3b9f-4019-b5ed-fcff3ae5581b,co-borrower
cb40ab2a-871b-4ebb-8308-b03cc77fcf21,co-borrower
65961e35-0abe-45bd-9e62-67fbd5d8c3c9,co-borrower
8ba74501-9150-4fd0-8aeb-7c82268dcf3f,co-borrower
3c82859a-fbae-4d26-945a-9ebbdd6b5315,borrower
c88da5e8-fc1d-4a32-b809-e441f767285e,borrower
da646ecd-dcd8-4d68-a6a0-cf165daff22a,borrower
6ccc072c-786d-4e1b-8ace-7004a3ce2f96,co-borrower
0f0ca9c1-2890-471e-b8f7-ba52a801511a,co-borrower
08932ca3-999e-4a6c-9e90-b985526e1038,co-borrower
2fb7c739-b28b-485a-b8ed-3bf14ebc35e1,co-borrower
9f32a1dd-9cca-48ca-a2bb-3520d7cc68ed,borrower
578618c5-ca66-431f-9a6b-9fb4bcdcd386,borrower
1383e2a1-8e27-4465-b9dd-23f11de8cde0,borrower
d91e935c-a9f2-46ce-bd10-3e815eced662,co-borrower
a7b37ea0-bd30-4037-9554-535f267c801a,co-borrower
2e141dfe-a76b-4382-b70b-b3748077786d,co-borrower
db952ea9-51bd-481b-a6d9-9b4e72f5d300,borrower
bfee9bfa-27dc-49e2-a631-9f9b05c55664,borrower
1fc453f1-f3d8-4f2e-8ea2-bd8d6ee7907f,co-borrower
12bb45b6-4e78-4678-ae78-c2831e284152,co-borrower
16145f08-9366-4c99-aef7-c18f87dd5e21,borrower
a5349de1-573c-48ff-a969-a032917c9444,co-borrower
3980fe52-b8fc-4303-99de-5fe6d1d79af8,co-borrower
66ad9a34-8b46-4948-a40d-7593d42aa0b5,co-borrower
a83ac456-2079-4d89-b262-b3fdb4ef29a5,borrower
04bf667d-63f5-4b4d-a9e6-ce04e0a6d091,borrower
204589b8-edbc-474f-8a7c-8b69a2c5121e,borrower
939ec346-cac6-4fa9-a1f4-3fd09d29ebf8,co-borrower
93c2ab30-921c-4238-a82f-6abeb560fd7f,borrower
20ceed9a-80bc-408c-a903-747a0a7d8158,co-borrower
5e8824c7-8bf4-4a8e-8ad4-69769d4287a9,borrower
abe2b07b-a2ba-45f0-b367-9c8acf8fd89b,borrower
90522572-4bee-4ab0-907c-de5fc244f626,borrower
19391013-d811-4b4d-a009-977e57515b7c,co-borrower
156e123d-9dd4-4393-9e6c-428737623270,co-borrower
062f5cab-0a37-4631-8822-d5b91ab35c5c,co-borrower
4a89dcf6-25df-4c94-a34e-235de5ad8c5e,borrower
109786db-8d60-4c91-90ef-e34625ea5333,borrower
b478518c-4f04-431a-b5fc-45f9d8a4817b,co-borrower
578af699-7b4d-4f6f-ac57-40d502e7806a,borrower
515f7c31-c73e-4ae8-99e8-f22e71d79588,borrower
5a332872-5848-4b1c-ac2d-5b5e9b7f04c1,co-borrower
9359d303-39a9-42a3-bd07-6ecfc5be1ef2,borrower
3d191f15-37ee-4bcd-9622-9af206441948,borrower
30cb51df-9076-4632-9560-e38a66254d9d,co-borrower
a3b58a6c-98b4-40a3-840a-c9a29a95fc70,co-borrower
0cf15c2e-1a39-483b-9ef9-3a9284ae3dae,borrower
c55a35bd-f29f-4b50-a937-43c8d415188f,borrower
386c383a-81b8-4377-8b8e-7fe1852af789,co-borrower
b031301e-4030-416d-a40f-a64750e2eb35,co-borrower
ab3b269d-980a-446e-8d1d-58aaa27a56c4,co-borrower
a2901709-5cd0-42a1-b7df-8b021a1474df,co-borrower
08fd150d-16ee-4784-bd56-e35d4a433e2c,borrower
0323eef2-df24-45a4-8607-2bb37da73789,borrower
6ebf2a57-99ca-4b2f-9e16-473cf9b0d8ac,borrower
c479b7c7-12ae-4d58-9e72-fb42e134de6a,co-borrower
8e8de1be-66cb-49d4-a78c-103d48f1c447,borrower
65b75d23-90fc-4471-b475-2a6e7c318889,co-borrower
47be89c6-c246-44d5-aa34-3829e7ecd97c,co-borrower
fd9907ef-c54f-4fa4-802f-1acd80814554,borrower
16f3d011-ee32-4ff3-ad8a-008c080e98a2,co-borrower
2df32480-2603-419f-8b04-ccc39f9231b3,co-borrower
23316a8d-34f9-4a6a-a568-56c6d977e91c,borrower
126d3f70-2cfb-43e3-aba5-6ddc95b41ec8,borrower
b1e50ca2-df53-45b3-a06e-fd5530612b35,co-borrower
8d776f9a-69e4-4498-addb-cb2c57ac4bc9,borrower
50f8a1b3-adab-41eb-9c49-6480156eb92c,borrower
1bd6f19c-368d-4257-bb83-7053e6ade367,borrower
f72cc897-a4e7-43a6-838d-625b81ca66aa,borrower
4c362c20-22b5-4ddd-9731-d890960b63cb,co-borrower
8fbad58b-9439-4299-a08c-8d2ec226b44b,borrower
fd5af3fa-5516-46ac-a2a8-401c5e1e3f45,borrower
66a2dda3-e664-4c8b-baba-ecf59f659bab,borrower
6b7b5a12-bdc4-448c-8767-3f1319612bb0,co-borrower
f21824cd-1119-42c0-9b97-aa3f648eb4da,borrower
d591fb85-bbc2-47f0-acfd-4ee2644e57b6,borrower
6288e476-5289-4e0b-823b-ce7071069fa0,borrower
4fd08d5d-c785-443a-ba25-9b557cece6d0,borrower
ad4ba8fa-f9b5-414c-9fc7-37432f80666c,borrower
66fcdaa1-9bed-42a2-b8d9-6b79136df88d,borrower
eb2b8b31-5d3e-48f5-8567-4a363e24c678,co-borrower
cbf6fd0f-ce1a-4420-bc05-00e8eb4aca83,borrower
71590acd-72cd-481a-85a6-87587d228c89,co-borrower
6f5f5fd3-b606-43ad-a89d-953ad4d88b6d,borrower
9ccce0dc-9ac2-44b8-aa4e-9b0f00d4c106,borrower
1af1564e-adc4-489e-92e5-375854580b79,borrower
acb0f101-b731-4ec9-a08f-22c8b5e75dc5,borrower
54d1a550-de61-4ab6-bc36-7073c2776069,borrower
a54dda7e-f15c-4364-a281-858076d23373,borrower
258cc109-aa9d-4ca5-a431-4b55aefb84a5,co-borrower
ad439b05-aaac-4ba2-8663-99a025d6241a,co-borrower
8e622d83-a033-4159-8ff0-eb506a3c1f63,borrower
6bf07c96-deee-4982-a7a1-03adb92ce107,borrower
f9867f30-610b-44a0-98ac-5e6535e1cb5c,borrower
f8c1efb4-e419-478c-9535-772903fbdc6e,borrower
72057393-cc95-445a-a917-dcba3ae63736,co-borrower
e97ee178-ac8f-4214-91c9-e9e4b71f392b,co-borrower
61484ed1-c14a-425f-8055-0f114ea7e395,co-borrower
185da229-06f3-4681-a54b-6421ef1ba2f7,co-borrower
2eb70ad1-a839-4d95-8a67-85629d3f3743,co-borrower
a84fd9de-2784-4311-a2a8-45d0b8676cec,borrower
5cc5071c-8b9d-409f-a242-4cbba8a0a339,borrower
a9bc54cb-c992-40bf-9b8b-5fa7c55a7f1d,co-borrower
556bd3e2-a8af-4800-8d54-c994e5932ecb,borrower
4a2c873f-1865-4899-ba58-f34c26af2e8a,borrower
62c00d1e-98ce-48bb-8e9e-94dbcdf38aae,co-borrower
69dc7d1b-8051-4671-8aa0-af4ea3f106ab,co-borrower
928df51a-7f71-4952-808f-53c271b4d1b7,borrower
92a127f2-fc08-4c8f-bf8c-d8935f58541b,co-borrower
d057f514-b3cd-4181-a86b-31139adcc684,co-borrower
96a55f0d-b3e5-4d54-9c8e-3dbd0275f34d,borrower
8e0f12fc-9b4e-408e-b97e-bb5599b2f12a,borrower
7b89aa8e-8e2a-47ed-adb9-5fd2683ece91,co-borrower
65b313cd-dea5-48fa-b3fa-3da0ad63a6c3,borrower
248463c4-f940-4756-a394-4a89bcad0404,borrower
22fd365a-b9f3-4767-b376-45816dd0819b,co-borrower
ed23efcf-a7d3-4c8e-92db-18853403feb8,co-borrower
cccf449a-10a0-4df4-8fef-1ccf8da4c445,borrower
9c1a8ff4-2181-4adc-b6a6-6cc165cd160e,borrower
1a563e33-d197-45ea-be55-c2804f3921fd,borrower
